,FIPS,year,county_name,violent_crime_count,population,crime_rate,region,regional_prior,weight,crime_rate_smoothed
0,6001,2016,Alameda,10127,1647332,614.75,region_3,427.2996825396826,0.9427698914688222,604.0221979875422
1,6001,2017,Alameda,9923,1659750,597.86,region_3,427.2996825396826,0.9431737462707771,588.1676961238632
2,6001,2018,Alameda,9948,1669659,595.81,region_3,427.2996825396826,0.9434919382773743,586.2878085800531
3,6001,2019,Alameda,9734,1678926,579.78,region_3,427.2996825396826,0.9437863070189542,571.2085182486334
4,6001,2020,Alameda,9645,1680487,573.94,region_3,427.2996825396826,0.9438355910489659,565.7040332414493
5,6001,2021,Alameda,10524,1657465,634.95,region_3,427.2996825396826,0.9430998625861682,623.1346684024821
6,6001,2022,Alameda,11125,1649975,674.25,region_3,427.2996825396826,0.9428563265189502,660.138351693006
7,6001,2023,Alameda,15626,1644199,950.37,region_3,427.2996825396826,0.94266709245906,920.3808578516375
8,6001,2024,Alameda,13075,1644569,795.04,region_3,427.2996825396826,0.9426792520100953,773.9608499371296
9,6003,2016,Alpine,6,1207,497.1,region_4,550.1507777777778,0.011926052545772526,549.518091414406
10,6003,2017,Alpine,13,1211,1073.49,region_4,550.1507777777778,0.011965102607424094,556.4125852701561
11,6003,2018,Alpine,12,1208,993.38,region_4,550.1507777777778,0.011935815350565173,555.4410799321969
12,6003,2019,Alpine,13,1205,1078.84,region_4,550.1507777777778,0.011906526357393409,556.4456299370364
13,6003,2020,Alpine,19,1202,1580.7,region_4,550.1507777777778,0.011877235627754392,562.3908537161101
14,6003,2021,Alpine,19,1180,1610.17,region_4,550.1507777777778,0.011662383870330105,562.513128857262
15,6003,2022,Alpine,11,1175,936.17,region_4,550.1507777777778,0.011613540894489745,554.6338278011146
16,6003,2023,Alpine,9,1166,771.87,region_4,550.1507777777778,0.011525611371409367,552.7062273666822
17,6003,2024,Alpine,12,1163,1031.81,region_4,550.1507777777778,0.01149629805363621,555.6880757567271
18,6005,2016,Amador,92,37929,242.56,region_4,550.1507777777778,0.27498930609226485,465.5666032362866
19,6005,2017,Amador,115,38549,298.32,region_4,550.1507777777778,0.27823369349472027,480.08297034101855
20,6005,2018,Amador,118,40038,294.72,region_4,550.1507777777778,0.28590811065567917,477.1210467000227
21,6005,2019,Amador,110,40279,273.1,region_4,550.1507777777778,0.28713492397293966,470.5998237639117
22,6005,2020,Amador,156,40440,385.76,region_4,550.1507777777778,0.28795215038450583,502.8140998132852
23,6005,2021,Amador,135,40262,335.3,region_4,550.1507777777778,0.2870485234774921,488.4781792486759
24,6005,2022,Amador,136,40105,339.11,region_4,550.1507777777778,0.28624959851539916,489.74043986851126
25,6005,2023,Amador,101,40028,252.32,region_4,550.1507777777778,0.2858571142914274,465.0137310950508
26,6005,2024,Amador,128,39893,320.86,region_4,550.1507777777778,0.2851679497901968,484.7643967730893
27,6007,2016,Butte,790,230681,342.46,region_1,409.5002614379085,0.6975937534965723,362.7333938260464
28,6007,2017,Butte,921,233080,395.14,region_1,409.5002614379085,0.699771826588207,399.45135506121903
29,6007,2018,Butte,1214,234627,517.42,region_1,409.5002614379085,0.7011597988207766,485.16924361689536
30,6007,2019,Butte,1024,226715,451.67,region_1,409.5002614379085,0.6939228379474466,438.7628060964169
31,6007,2020,Butte,1069,210349,508.2,region_1,409.5002614379085,0.6777821098183013,476.3971784790376
32,6007,2021,Butte,1110,206121,538.52,region_1,409.5002614379085,0.6733317871037923,496.3733525755856
33,6007,2022,Butte,1291,206498,625.19,region_1,409.5002614379085,0.673733596956587,554.8176848259723
34,6007,2023,Butte,1343,205741,652.76,region_1,409.5002614379085,0.6729257770465852,573.1960100339531
35,6007,2024,Butte,1325,206194,642.6,region_1,409.5002614379085,0.6734096683801772,566.4718790825126
36,6009,2016,Calaveras,178,45365,392.37,region_4,550.1507777777778,0.3120764970935232,500.91110534019725
37,6009,2017,Calaveras,208,45354,458.61,region_4,550.1507777777778,0.3120244368920016,521.5878181390108
38,6009,2018,Calaveras,197,45365,434.26,region_4,550.1507777777778,0.3120764970935232,513.983989803445
39,6009,2019,Calaveras,145,45285,320.19,region_4,550.1507777777778,0.31169769762879856,478.4725327995166
40,6009,2020,Calaveras,158,45262,349.08,region_4,550.1507777777778,0.3115887155622255,487.49939239290234
41,6009,2021,Calaveras,185,45011,411.01,region_4,550.1507777777778,0.31039714228575765,506.9618779801379
42,6009,2022,Calaveras,257,44769,574.06,region_4,550.1507777777778,0.3092443824299401,557.5445704382691
43,6009,2023,Calaveras,187,44616,419.13,region_4,550.1507777777778,0.30851358079327323,509.7290884672358
44,6009,2024,Calaveras,189,44436,425.33,region_4,550.1507777777778,0.30765183195325263,511.74943682861453
45,6011,2016,Colusa,46,21677,212.21,region_1,409.5002614379085,0.17815199257049402,374.35260824799144
46,6011,2017,Colusa,78,21792,357.93,region_1,409.5002614379085,0.1789280084077772,400.2728972657551
47,6011,2018,Colusa,57,21690,262.79,region_1,409.5002614379085,0.17823978962938614,383.35065530274346
48,6011,2019,Colusa,58,21745,266.73,region_1,409.5002614379085,0.17861103125385025,383.9999178101018
49,6011,2020,Colusa,61,21867,278.96,region_1,409.5002614379085,0.17943331664847745,386.0769893719453
50,6011,2021,Colusa,55,21884,251.33,region_1,409.5002614379085,0.17954776672902104,381.1011442337866
51,6011,2022,Colusa,65,21814,297.97,region_1,409.5002614379085,0.17907629664898944,389.5278352553143
52,6011,2023,Colusa,84,21981,382.15,region_1,409.5002614379085,0.18020019511235355,404.57173899042346
53,6011,2024,Colusa,84,22016,381.54,region_1,409.5002614379085,0.1804353527406242,404.4552418026394
54,6013,2016,Contra Costa,3895,1141566,341.2,region_3,427.2996825396826,0.9194565572833019,348.13476484856085
55,6013,2017,Contra Costa,3830,1149458,333.2,region_3,427.2996825396826,0.9199652969527587,340.73124014890317
56,6013,2018,Contra Costa,3880,1158018,335.06,region_3,427.2996825396826,0.9205098814166411,342.39214330317077
57,6013,2019,Contra Costa,4138,1162288,356.02,region_3,427.2996825396826,0.9207787763172905,361.6668636745087
58,6013,2020,Contra Costa,3870,1167327,331.53,region_3,427.2996825396826,0.9210937666442836,339.086824918879
59,6013,2021,Contra Costa,4001,1159901,344.94,region_3,427.2996825396826,0.9206286843172599,351.4769963623874
60,6013,2022,Contra Costa,4674,1150114,406.39,region_3,427.2996825396826,0.9200072953346655,408.0626220600427
61,6013,2023,Contra Costa,4774,1148745,415.58,region_3,427.2996825396826,0.9199195992776747,416.51851687411624
62,6013,2024,Contra Costa,4437,1148324,386.39,region_3,427.2996825396826,0.9198925919873366,389.66716863087487
63,6015,2016,Del Norte,168,27070,620.61,region_2,478.5266666666667,0.21303218698355236,508.79498990057976
64,6015,2017,Del Norte,151,26898,561.38,region_2,478.5266666666667,0.21196551561096313,496.0887161867537
65,6015,2018,Del Norte,137,27572,496.88,region_2,478.5266666666667,0.21612893111341047,482.49335298236815
66,6015,2019,Del Norte,109,27605,394.86,region_2,478.5266666666667,0.2163316484463775,460.4269187466531
67,6015,2020,Del Norte,199,27645,719.84,region_2,478.5266666666667,0.2165772258999569,530.7896389726716
68,6015,2021,Del Norte,230,27368,840.4,region_2,478.5266666666667,0.21487343759814082,556.2836337750979
69,6015,2022,Del Norte,175,26738,654.5,region_2,478.5266666666667,0.2109706638892834,515.6518776268101
70,6015,2023,Del Norte,149,26320,566.11,region_2,478.5266666666667,0.2083597213426219,496.775505594258
71,6015,2024,Del Norte,123,26607,462.28,region_2,478.5266666666667,0.21015425687363257,475.1123605066598
72,6017,2016,El Dorado,389,182937,212.64,region_1,409.5002614379085,0.6465644295373175,282.21741880274
73,6017,2017,El Dorado,294,184800,159.09,region_1,409.5002614379085,0.648876404494382,247.01495134758022
74,6017,2018,El Dorado,475,187122,253.85,region_1,409.5002614379085,0.6517159952912003,308.06049638756645
75,6017,2019,El Dorado,323,187906,171.89,region_1,409.5002614379085,0.6526644113009107,254.42050003748045
76,6017,2020,El Dorado,372,191522,194.23,region_1,409.5002614379085,0.6569727156097996,268.0735731910142
77,6017,2021,El Dorado,531,191437,277.38,region_1,409.5002614379085,0.6568726688786942,322.7140726942387
78,6017,2022,El Dorado,526,189386,277.74,region_1,409.5002614379085,0.6544407815167286,323.2709729696352
79,6017,2023,El Dorado,564,189355,297.85,region_1,409.5002614379085,0.6544037600870902,336.4359105382345
80,6017,2024,El Dorado,508,189079,268.67,region_1,409.5002614379085,0.6540737998955303,317.3868771989347
81,6019,2016,Fresno,5981,977362,611.95,region_6,566.482,0.9071806876425936,607.7296915057335
82,6019,2017,Fresno,5745,985394,583.02,region_6,566.482,0.9078675577716478,581.4963136704274
83,6019,2018,Fresno,5889,993966,592.47,region_6,566.482,0.9085894808430975,590.0944234281504
84,6019,2019,Fresno,4737,1001641,472.92,region_6,566.482,0.9092263269068599,481.41296640194037
85,6019,2020,Fresno,5940,1007436,589.62,region_6,566.482,0.9097013281128661,587.5306693298755
86,6019,2021,Fresno,7405,1010417,732.87,region_6,566.482,0.9099437418555372,717.8857193198592
87,6019,2022,Fresno,7299,1011462,721.63,region_6,566.482,0.910028413027166,707.6710882243387
88,6019,2023,Fresno,6488,1017152,637.86,region_6,566.482,0.9104866660937814,631.4707172524419
89,6019,2024,Fresno,6505,1019566,638.02,region_6,566.482,0.9106796740879948,631.6302025249068
90,6021,2016,Glenn,103,28005,367.79,region_1,409.5002614379085,0.21878051638607868,400.3748689019245
91,6021,2017,Glenn,117,28072,416.79,region_1,409.5002614379085,0.21918920607158474,411.09809344580276
92,6021,2018,Glenn,80,28135,284.34,region_1,409.5002614379085,0.21957310648924963,382.01843402498025
93,6021,2019,Glenn,91,28525,319.02,region_1,409.5002614379085,0.22194125656487065,389.4189585200611
94,6021,2020,Glenn,152,28854,526.79,region_1,409.5002614379085,0.22392785633352477,435.7647011640372
95,6021,2021,Glenn,115,28709,400.57,region_1,409.5002614379085,0.22305355491845946,407.50833487783177
96,6021,2022,Glenn,118,28449,414.78,region_1,409.5002614379085,0.2214808990338578,410.6696226813042
97,6021,2023,Glenn,150,28596,524.55,region_1,409.5002614379085,0.2223708357958257,435.083967960052
98,6021,2024,Glenn,124,28711,431.89,region_1,409.5002614379085,0.2230656276464327,414.494642523101
99,6023,2016,Humboldt,682,137347,496.55,region_2,478.5266666666667,0.5786759470311401,488.95633615199125
100,6023,2017,Humboldt,646,137493,469.84,region_2,478.5266666666667,0.5789349580829751,473.4976516641192
101,6023,2018,Humboldt,571,137495,415.29,region_2,478.5266666666667,0.5789385039685045,441.9165254707117
102,6023,2019,Humboldt,626,136742,457.8,region_2,478.5266666666667,0.5775992430578436,466.55495968888783
103,6023,2020,Humboldt,630,136406,461.86,region_2,478.5266666666667,0.5769988917370964,468.9100184710484
104,6023,2021,Humboldt,670,134695,497.42,region_2,478.5266666666667,0.5739150812756982,489.3698356022355
105,6023,2022,Humboldt,639,134657,474.54,region_2,478.5266666666667,0.5738460817277985,476.23893362084516
106,6023,2023,Humboldt,607,133968,453.09,region_2,478.5266666666667,0.5725911235724543,463.961857120062
107,6023,2024,Humboldt,621,133359,465.66,region_2,478.5266666666667,0.5714757091005703,471.1736792095727
108,6025,2016,Imperial,676,180280,374.97,region_10,335.40277777777777,0.6432139289282146,360.85296624010914
109,6025,2017,Imperial,628,180628,347.68,region_10,335.40277777777777,0.6436563707114045,343.30509007575074
110,6025,2018,Imperial,645,180628,357.09,region_10,335.40277777777777,0.6436563707114045,349.36189652414504
111,6025,2019,Imperial,589,180809,325.76,region_10,335.40277777777777,0.6438860577830483,329.1939276083665
112,6025,2020,Imperial,582,180376,322.66,region_10,335.40277777777777,0.6433360915342254,327.20488892693305
113,6025,2021,Imperial,560,179807,311.45,region_10,335.40277777777777,0.6426107995868581,320.01046409767366
114,6025,2022,Imperial,527,179914,292.92,region_10,335.40277777777777,0.6427474152775495,308.09708216730064
115,6025,2023,Imperial,456,182090,250.43,region_10,335.40277777777777,0.6455032081959658,280.55257711289937
116,6025,2024,Imperial,421,183812,229.04,region_10,335.40277777777777,0.6476540808704354,266.5164906972847
117,6027,2016,Inyo,114,18956,601.39,region_6,566.482,0.15935303809812032,572.0446958539292
118,6027,2017,Inyo,128,18945,675.64,region_6,566.482,0.15927529530455253,583.8681726848542
119,6027,2018,Inyo,122,18953,643.7,region_6,566.482,0.1593318369440031,578.785285785142
120,6027,2019,Inyo,94,18947,496.12,region_6,566.482,0.15928943142744248,555.2740770259022
121,6027,2020,Inyo,127,18954,670.04,region_6,566.482,0.1593389041141954,582.9828182322578
122,6027,2021,Inyo,121,18874,641.09,region_6,566.482,0.158773154768915,578.3277475309992
123,6027,2022,Inyo,129,18847,684.46,region_6,566.482,0.15858204245795013,585.191192205104
124,6027,2023,Inyo,168,18740,896.48,region_6,566.482,0.1578238167424625,618.5635438773791
125,6027,2024,Inyo,130,18644,697.28,region_6,566.482,0.15714237550992885,587.0359084319476
126,6029,2016,Kern,5128,880704,582.26,region_6,566.482,0.8980324338434431,580.6511557411819
127,6029,2017,Kern,4989,888203,561.7,region_6,566.482,0.898806216941256,562.1839086705869
128,6029,2018,Kern,5289,895656,590.52,region_6,566.482,0.8995637047333617,588.1057123343805
129,6029,2019,Kern,5567,903151,616.4,region_6,566.482,0.900314110238638,611.4238797548924
130,6029,2020,Kern,6216,905783,686.26,region_6,566.482,0.9005749749200375,674.3510693459722
131,6029,2021,Kern,6718,908418,739.53,region_6,566.482,0.9008347728818803,722.3696557776635
132,6029,2022,Kern,6687,908708,735.88,region_6,566.482,0.9008632825356793,719.086438334979
133,6029,2023,Kern,7574,908297,833.87,region_6,566.482,0.9008228726258235,807.3512262656737
134,6029,2024,Kern,6274,911180,688.56,region_6,566.482,0.9011056389564667,676.4871741925274
135,6031,2016,Kings,639,147618,432.87,region_6,566.482,0.5961521375667359,486.82892059543326
136,6031,2017,Kings,754,148933,506.27,region_6,566.482,0.5982854824390499,530.4580345313799
137,6031,2018,Kings,784,151041,519.06,region_6,566.482,0.6016586932015089,537.950141450998
138,6031,2019,Kings,757,151693,499.03,region_6,566.482,0.6026905793963281,525.8293150385589
139,6031,2020,Kings,777,152531,509.4,region_6,566.482,0.6040090127548697,532.0039575339265
140,6031,2021,Kings,686,151751,452.06,region_6,566.482,0.6027821140730325,497.51046494353545
141,6031,2022,Kings,647,151954,425.79,region_6,566.482,0.6031021535677148,481.63035181025106
142,6031,2023,Kings,656,152548,430.03,region_6,566.482,0.6040356684669845,484.060124966343
143,6031,2024,Kings,734,152833,480.26,region_6,566.482,0.6044820098642186,514.3623521454873
144,6033,2016,Lake,379,66946,566.13,region_2,478.5266666666667,0.40100391743437996,513.6559465136431
145,6033,2017,Lake,396,67963,582.67,region_2,478.5266666666667,0.40463078177932044,520.6662650504377
146,6033,2018,Lake,338,68359,494.45,region_2,478.5266666666667,0.4060311596053671,484.9920361647828
147,6033,2019,Lake,347,68114,509.44,region_2,478.5266666666667,0.40516554242954184,491.0516841349719
148,6033,2020,Lake,351,67864,517.21,region_2,478.5266666666667,0.40427965495877616,494.165551319322
149,6033,2021,Lake,392,67714,578.91,region_2,478.5266666666667,0.4037468547646589,519.0561217707923
150,6033,2022,Lake,478,67206,711.25,region_2,478.5266666666667,0.4019353372486633,572.0663981356331
151,6033,2023,Lake,447,66875,668.41,region_2,478.5266666666667,0.40074906367041196,554.6222347066168
152,6033,2024,Lake,488,66918,729.25,region_2,478.5266666666667,0.40090343761607494,579.042512890561
153,6035,2016,Lassen,225,32310,696.38,region_1,409.5002614379085,0.24419922908321368,479.5560724343651
154,6035,2017,Lassen,270,32656,826.8,region_1,409.5002614379085,0.246170546375588,512.2271660821285
155,6035,2018,Lassen,254,32937,771.17,region_1,409.5002614379085,0.2477639784258709,499.10899474029685
156,6035,2019,Lassen,274,32858,833.89,region_1,409.5002614379085,0.24731668397838294,514.4589242935378
157,6035,2020,Lassen,210,31926,657.77,region_1,409.5002614379085,0.24199930263935843,469.5813650363905
158,6035,2021,Lassen,80,31054,257.62,region_1,409.5002614379085,0.23695575869488913,373.5113588581107
159,6035,2022,Lassen,143,29544,484.02,region_1,409.5002614379085,0.22806150805903785,426.4953453945443
160,6035,2023,Lassen,148,28137,526.0,region_1,409.5002614379085,0.21958528762184223,435.0818900379347
161,6035,2024,Lassen,126,28027,449.57,region_1,409.5002614379085,0.2189147601677771,418.2721186452143
162,6037,2016,Los Angeles,56351,10099860,557.94,region_8,584.3033333333334,0.9901959438658962,558.1984675998821
163,6037,2017,Los Angeles,59924,10114637,592.45,region_8,584.3033333333334,0.9902101268992721,592.3702451671395
164,6037,2018,Los Angeles,58567,10100671,579.83,region_8,584.3033333333334,0.9901967233332003,579.8738533242896
165,6037,2019,Los Angeles,56416,10063851,560.58,region_8,584.3033333333334,0.990161209565154,560.8134089050827
166,6037,2020,Los Angeles,54600,10014848,545.19,region_8,584.3033333333334,0.9901135439702109,545.5766922501786
167,6037,2021,Los Angeles,58177,9908772,587.13,region_8,584.3033333333334,0.9900087643119455,587.1017581071218
168,6037,2022,Los Angeles,61016,9840925,620.02,region_8,584.3033333333334,0.9899405739405538,619.6607108325768
169,6037,2023,Los Angeles,61193,9811463,623.69,region_8,584.3033333333334,0.9899106721177288,623.2926150058104
170,6037,2024,Los Angeles,58141,9822800,591.9,region_8,584.3033333333334,0.9899221993792074,591.8234423079507
171,6039,2016,Madera,1024,153137,668.68,region_4,550.1507777777778,0.6049569995694031,621.8558604146283
172,6039,2017,Madera,891,154239,577.67,region_4,550.1507777777778,0.6066693150932784,566.845845475233
173,6039,2018,Madera,896,155477,576.29,region_4,550.1507777777778,0.6085753316345502,566.0584636103358
174,6039,2019,Madera,830,155291,534.48,region_4,550.1507777777778,0.6082901473220756,540.6183980546818
175,6039,2020,Madera,578,156422,369.51,region_4,550.1507777777778,0.6100178611819579,439.9566768755324
176,6039,2021,Madera,1022,157008,650.92,region_4,550.1507777777778,0.6109070534769345,611.711406406718
177,6039,2022,Madera,818,157287,520.07,region_4,550.1507777777778,0.6113289828090809,531.761526496783
178,6039,2023,Madera,860,159892,537.86,region_4,550.1507777777778,0.6152247856802057,542.5891866536015
179,6039,2024,Madera,741,160788,460.86,region_4,550.1507777777778,0.6165467736245532,495.09883682446196
180,6041,2016,Marin,475,265181,179.12,region_3,427.2996825396826,0.7261631903083676,247.0807324969488
181,6041,2017,Marin,463,264753,174.88,region_3,427.2996825396826,0.7258418710743982,244.08290786907378
182,6041,2018,Marin,528,264944,199.29,region_3,427.2996825396826,0.7259853566574598,261.767991839757
183,6041,2019,Marin,516,263918,195.52,region_3,427.2996825396826,0.725212822668843,259.210084727791
184,6041,2020,Marin,623,262161,237.64,region_3,427.2996825396826,0.7238797109572814,290.00888636260737
185,6041,2021,Marin,348,258719,134.51,region_3,427.2996825396826,0.7212302665874961,216.13090174751895
186,6041,2022,Marin,610,255851,238.42,region_3,427.2996825396826,0.7189835071420342,291.4983059594275
187,6041,2023,Marin,639,254301,251.28,region_3,427.2996825396826,0.7177541130281879,300.9608314229095
188,6041,2024,Marin,625,252899,247.13,region_3,427.2996825396826,0.7166328042867789,298.18417769381114
189,6043,2016,Mariposa,80,17645,453.39,region_4,550.1507777777778,0.14998512473968295,535.638100452869
190,6043,2017,Mariposa,108,17503,617.04,region_4,550.1507777777778,0.1489578989472609,560.1144557822165
191,6043,2018,Mariposa,67,17345,386.28,region_4,550.1507777777778,0.14781200732881675,525.92870917191
192,6043,2019,Mariposa,79,17213,458.96,region_4,550.1507777777778,0.14685231160366172,536.7592012641752
193,6043,2020,Mariposa,61,17102,356.68,region_4,550.1507777777778,0.1460436200918857,521.8956050091183
194,6043,2021,Mariposa,80,17015,470.17,region_4,550.1507777777778,0.14540870828526256,538.5208761934605
195,6043,2022,Mariposa,71,16943,419.05,region_4,550.1507777777778,0.14488254961819005,531.1565628364056
196,6043,2023,Mariposa,99,16862,587.12,region_4,550.1507777777778,0.14428984614331433,555.4850611642603
197,6043,2024,Mariposa,94,16798,559.59,region_4,550.1507777777778,0.14382095583828491,551.5083357401477
198,6045,2016,Mendocino,606,91021,665.78,region_2,478.5266666666667,0.47649734845906994,567.7523834901224
199,6045,2017,Mendocino,480,91610,523.96,region_2,478.5266666666667,0.47810657063827566,500.24864185933234
200,6045,2018,Mendocino,369,91727,402.28,region_2,478.5266666666667,0.4784250522878885,442.04835117988944
201,6045,2019,Mendocino,336,91727,366.3,region_2,478.5266666666667,0.4784250522878885,424.83461779857123
202,6045,2020,Mendocino,371,91319,406.27,region_2,478.5266666666667,0.4773127603635812,444.03763764532886
203,6045,2021,Mendocino,473,90854,520.62,region_2,478.5266666666667,0.47603927609586383,498.56474659512855
204,6045,2022,Mendocino,182,89960,202.31,region_2,478.5266666666667,0.47357338387028847,347.71780515196184
205,6045,2023,Mendocino,187,89556,208.81,region_2,478.5266666666667,0.4724514127751166,351.0986464510048
206,6045,2024,Mendocino,332,89389,371.41,region_2,478.5266666666667,0.47198622940086277,427.9690750606776
207,6047,2016,Merced,1488,268701,553.78,region_4,550.1507777777778,0.7287775189109875,552.7956733444655
208,6047,2017,Merced,1557,272610,571.15,region_4,550.1507777777778,0.73162287646601,565.5142891435489
209,6047,2018,Merced,1548,274872,563.17,region_4,550.1507777777778,0.7332422800315841,559.6970219642378
210,6047,2019,Merced,1520,278158,546.45,region_4,550.1507777777778,0.7355602684592154,547.4286326820477
211,6047,2020,Merced,1660,281128,590.48,region_4,550.1507777777778,0.7376209567389433,579.8984572578709
212,6047,2021,Merced,1833,281695,650.7,region_4,550.1507777777778,0.7380107153617417,624.3571811990668
213,6047,2022,Merced,1904,285140,667.74,region_4,550.1507777777778,0.7403541569299475,637.2084472601593
214,6047,2023,Merced,1607,288589,556.85,region_4,550.1507777777778,0.7426586959486758,555.1260134172037
215,6047,2024,Merced,1572,290346,541.42,region_4,550.1507777777778,0.7438170238711297,543.6566766350309
216,6049,2016,Modoc,41,8796,466.12,region_1,409.5002614379085,0.08084856060884592,414.0778858027028
217,6049,2017,Modoc,58,8692,667.28,region_1,409.5002614379085,0.0799690869613219,430.1146717678472
218,6049,2018,Modoc,51,8755,582.52,region_1,409.5002614379085,0.0805020458829479,423.4287043702896
219,6049,2019,Modoc,43,8709,493.74,region_1,409.5002614379085,0.08011296212825066,416.24895642302704
220,6049,2020,Modoc,37,8686,425.97,region_1,409.5002614379085,0.07991829674475093,410.8164948916222
221,6049,2021,Modoc,13,8542,152.19,region_1,409.5002614379085,0.07869764699379042,389.250549315388
222,6049,2022,Modoc,47,8517,551.84,region_1,409.5002614379085,0.07848539860114083,420.6718525557364
223,6049,2023,Modoc,51,8540,597.19,region_1,409.5002614379085,0.07868067072047172,424.26781595532384
224,6049,2024,Modoc,59,8495,694.53,region_1,409.5002614379085,0.07829853910318448,431.8176735682828
225,6051,2016,Mono,37,13389,276.35,region_4,550.1507777777778,0.11808023706003228,517.8203170305566
226,6051,2017,Mono,43,13355,321.98,region_4,550.1507777777778,0.11781571170217459,523.2686752042501
227,6051,2018,Mono,41,13222,310.09,region_4,550.1507777777778,0.116779424493473,522.1166183054333
228,6051,2019,Mono,67,13227,506.54,region_4,550.1507777777778,0.11681842670034533,545.0562353305994
229,6051,2020,Mono,42,13368,314.18,region_4,550.1507777777778,0.11791687248606308,522.3258416641185
230,6051,2021,Mono,33,13276,248.57,region_4,550.1507777777778,0.11720046611815389,514.8053700499468
231,6051,2022,Mono,51,13185,386.8,region_4,550.1507777777778,0.11649070106462871,531.1219311549921
232,6051,2023,Mono,53,13008,407.44,region_4,550.1507777777778,0.11510689508707349,533.7237832523164
233,6051,2024,Mono,52,12882,403.66,region_4,550.1507777777778,0.1141191686894279,533.43337199711
234,6053,2016,Monterey,1822,437116,416.82,region_5,343.7775925925926,0.8138204782579554,403.2209995220013
235,6053,2017,Monterey,1802,438012,411.4,region_5,343.7775925925926,0.8141305398392601,398.83105964041556
236,6053,2018,Monterey,1750,439618,398.07,region_5,343.7775925925926,0.8146837207061292,388.00873306535226
237,6053,2019,Monterey,1433,440874,325.04,region_5,343.7775925925926,0.815114056138768,328.50431749216875
238,6053,2020,Monterey,1480,439762,336.55,region_5,343.7775925925926,0.8147331601705937,337.8890332392041
239,6053,2021,Monterey,2035,438349,464.24,region_5,343.7775925925926,0.8142468918861184,441.8637334131934
240,6053,2022,Monterey,1835,436843,420.06,region_5,343.7775925925926,0.8137258006530773,405.8505556359294
241,6053,2023,Monterey,1871,437174,427.98,region_5,343.7775925925926,0.8138405805195337,412.3049287181793
242,6053,2024,Monterey,1879,436308,430.66,region_5,343.7775925925926,0.813539980757326,414.459904642965
243,6055,2016,Napa,598,141089,423.85,region_2,478.5266666666667,0.5852154183724683,446.52903830812136
244,6055,2017,Napa,597,140299,425.52,region_2,478.5266666666667,0.5838517846516216,447.57862973489966
245,6055,2018,Napa,683,139558,489.4,region_2,478.5266666666667,0.5825645563913541,484.8610852764954
246,6055,2019,Napa,753,138965,541.86,region_2,478.5266666666667,0.5815286757474945,515.3568161306747
247,6055,2020,Napa,539,138058,390.42,region_2,478.5266666666667,0.5799343017247898,427.43058845603457
248,6055,2021,Napa,589,136891,430.27,region_2,478.5266666666667,0.5778649252187715,450.64083159202613
249,6055,2022,Napa,456,135497,336.54,region_2,478.5266666666667,0.5753661405453148,396.8323462577726
250,6055,2023,Napa,481,135107,356.01,region_2,478.5266666666667,0.5746617497564939,408.1210246256669
251,6055,2024,Napa,418,134913,309.83,region_2,478.5266666666667,0.5743104894152303,381.64240147061537
252,6057,2016,Nevada,212,100919,210.07,region_1,409.5002614379085,0.5022869912750909,309.32903545105665
253,6057,2017,Nevada,280,101384,276.18,region_1,409.5002614379085,0.5034362213482699,342.3820127904444
254,6057,2018,Nevada,250,101921,245.29,region_1,409.5002614379085,0.504756810831959,326.61401356862757
255,6057,2019,Nevada,238,102298,232.65,region_1,409.5002614379085,0.5056797397898151,320.07066725222614
256,6057,2020,Nevada,224,102648,218.22,region_1,409.5002614379085,0.5065334965062571,312.61040179913374
257,6057,2021,Nevada,238,102435,232.34,region_1,409.5002614379085,0.5060142761874182,319.85463997723144
258,6057,2022,Nevada,497,101137,491.41,region_1,409.5002614379085,0.5028264317355832,450.6866430034795
259,6057,2023,Nevada,460,100711,456.75,region_1,409.5002614379085,0.5017712033720125,433.2088196152221
260,6057,2024,Nevada,364,100363,362.68,region_1,409.5002614379085,0.5009058558715931,386.04771831022117
261,6059,2016,Orange,7275,3170359,229.47,region_9,254.4411111111111,0.9694223172440701,230.23355871361863
262,6059,2017,Orange,7627,3188158,239.23,region_9,254.4411111111111,0.9695878361076323,239.6926028040961
263,6059,2018,Orange,7362,3193464,230.53,region_9,254.4411111111111,0.9696368322228511,231.2560170784047
264,6059,2019,Orange,6797,3191365,212.98,region_9,254.4411111111111,0.9696174687401732,214.2396935044005
265,6059,2020,Orange,7340,3188652,230.19,region_9,254.4411111111111,0.9695924044258863,230.92741797888957
266,6059,2021,Orange,8144,3164848,257.33,region_9,254.4411111111111,0.9693707027095901,257.24151536338326
267,6059,2022,Orange,8955,3154042,283.92,region_9,254.4411111111111,0.9692689891525678,283.01408394578533
268,6059,2023,Orange,9340,3148555,296.64,region_9,254.4411111111111,0.9692170826721419,295.3409950920058
269,6059,2024,Orange,9757,3150716,309.68,region_9,254.4411111111111,0.9692375464359236,307.98071624562436
270,6061,2016,Placer,622,382010,162.82,region_1,409.5002614379085,0.7925354245762536,213.99741570463445
271,6061,2017,Placer,703,388773,180.83,region_1,409.5002614379085,0.7954060473880513,227.61455263238938
272,6061,2018,Placer,688,395677,173.88,region_1,409.5002614379085,0.7982557189460072,221.41504024554465
273,6061,2019,Placer,597,401672,148.63,region_1,409.5002614379085,0.8006665709866208,200.63016374003502
274,6061,2020,Placer,638,406495,156.95,region_1,409.5002614379085,0.8025646847451604,206.8123404846856
275,6061,2021,Placer,740,408769,181.03,region_1,409.5002614379085,0.8034471439887257,225.9364823992634
276,6061,2022,Placer,1016,409692,247.99,region_1,409.5002614379085,0.8038030810764147,279.6778156686604
277,6061,2023,Placer,1165,413618,281.66,region_1,409.5002614379085,0.8053027736566865,306.55014431696486
278,6061,2024,Placer,949,416014,228.12,region_1,409.5002614379085,0.8062068083424093,263.2702597677405
279,6063,2016,Plumas,120,19672,610.0,region_1,409.5002614379085,0.16438264589879004,442.4589389647607
280,6063,2017,Plumas,146,19642,743.31,region_1,409.5002614379085,0.16417311646411795,464.3028465237195
281,6063,2018,Plumas,130,19575,664.11,region_1,409.5002614379085,0.1637047877900899,451.1810946585059
282,6063,2019,Plumas,128,19807,646.24,region_1,409.5002614379085,0.16532422980293304,448.639076379434
283,6063,2020,Plumas,159,19871,800.16,region_1,409.5002614379085,0.16576986927613852,474.25987523079687
284,6063,2021,Plumas,178,19733,902.04,region_1,409.5002614379085,0.16480836527941337,490.67493058547643
285,6063,2022,Plumas,152,19280,788.38,region_1,409.5002614379085,0.16163648558014757,470.74105083661004
286,6063,2023,Plumas,114,19078,597.55,region_1,409.5002614379085,0.160214313307244,439.62852116924074
287,6063,2024,Plumas,6,18841,31.85,region_1,409.5002614379085,0.15853956126252725,349.62775467886377
288,6065,2016,Riverside,7447,2337698,318.56,region_7,415.0105555555556,0.9589776912480545,322.5166244692967
289,6065,2017,Riverside,7308,2361995,309.4,region_7,415.0105555555556,0.9593825332707825,313.68963322653195
290,6065,2018,Riverside,7360,2383773,308.75,region_7,415.0105555555556,0.9597386717707295,313.02819110504686
291,6065,2019,Riverside,7511,2400536,312.89,region_7,415.0105555555556,0.9600085741616997,316.973946624066
292,6065,2020,Riverside,7243,2423288,298.89,region_7,415.0105555555556,0.960369169115852,303.4919540993955
293,6065,2021,Riverside,7201,2429268,296.43,region_7,415.0105555555556,0.9604628690988856,301.1183349473269
294,6065,2022,Riverside,8122,2432203,333.94,region_7,415.0105555555556,0.960508695392905,337.1415820041109
295,6065,2023,Riverside,8128,2451185,331.59,region_7,415.0105555555556,0.9608025290208275,334.8598748054553
296,6065,2024,Riverside,7387,2455509,300.83,region_7,415.0105555555556,0.9608688523499623,305.2980161782078
297,6067,2016,Sacramento,7734,1520401,508.68,region_1,409.5002614379085,0.9382868808399896,502.5593089758589
298,6067,2017,Sacramento,7412,1536518,482.39,region_1,409.5002614379085,0.9388946531599408,477.93604724408215
299,6067,2018,Sacramento,6917,1554669,444.92,region_1,409.5002614379085,0.9395649522653775,442.77940640925215
300,6067,2019,Sacramento,6765,1570919,430.64,region_1,409.5002614379085,0.9401526944154683,429.3748436062974
301,6067,2020,Sacramento,7314,1587542,460.71,region_1,409.5002614379085,0.9407422156011525,457.6754243531662
302,6067,2021,Sacramento,7914,1583966,499.63,region_1,409.5002614379085,0.9406163782404158,494.27776969593856
303,6067,2022,Sacramento,8894,1578644,563.39,region_1,409.5002614379085,0.9404281074486311,554.2224970296209
304,6067,2023,Sacramento,8459,1578904,535.75,region_1,409.5002614379085,0.9404373329267188,528.2302288539373
305,6067,2024,Sacramento,8255,1583935,521.17,region_1,409.5002614379085,0.9406152850317857,514.5385244049152
306,6069,2016,San Benito,155,60087,257.96,region_5,343.7775925925926,0.3753396590603859,311.56684664750577
307,6069,2017,San Benito,183,60733,301.32,region_5,343.7775925925926,0.3778502236628446,327.73498173529555
308,6069,2018,San Benito,149,61849,240.91,region_5,343.7775925925926,0.38214014297277094,304.46775605199457
309,6069,2019,San Benito,147,63283,232.29,region_5,343.7775925925926,0.3875663724943809,300.56875075335006
310,6069,2020,San Benito,164,64450,254.46,region_5,343.7775925925926,0.39191243539069626,308.7729173563956
311,6069,2021,San Benito,292,65182,447.98,region_5,343.7775925925926,0.3946071605865046,384.89660870590785
312,6069,2022,San Benito,211,65481,322.23,region_5,343.7775925925926,0.39570101703518834,335.25118828904385
313,6069,2023,San Benito,208,65783,316.19,region_5,343.7775925925926,0.39680184337356667,332.8307849976129
314,6069,2024,San Benito,214,65798,325.24,region_5,343.7775925925926,0.39685641563830687,336.4208300417331
315,6071,2016,San Bernardino,10469,2132121,491.01,region_7,415.0105555555556,0.9551995613141044,487.60519154900453
316,6071,2017,San Bernardino,10217,2147291,475.81,region_7,415.0105555555556,0.9555019799394026,473.1045451014379
317,6071,2018,San Bernardino,10577,2160036,489.67,region_7,415.0105555555556,0.9557529172101683,486.36653738062387
318,6071,2019,San Bernardino,12219,2174437,561.94,region_7,415.0105555555556,0.9560330754380095,555.4799642001759
319,6071,2020,San Bernardino,12811,2185348,586.22,region_7,415.0105555555556,0.9562429879388172,578.728386274456
320,6071,2021,San Bernardino,12736,2183756,583.22,region_7,415.0105555555556,0.9562124850465636,575.8545264360797
321,6071,2022,San Bernardino,12677,2179263,581.71,region_7,415.0105555555556,0.956126168853704,574.3962567222632
322,6071,2023,San Bernardino,8325,2182369,381.47,region_7,415.0105555555556,0.9561858752901042,382.93955008395034
323,6071,2024,San Bernardino,11094,2184474,507.86,region_7,415.0105555555556,0.9562262472674234,503.79563137753183
324,6073,2016,San Diego,10959,3263517,335.8,region_10,335.40277777777777,0.9702692152291783,335.78819027160495
325,6073,2017,San Diego,11288,3276113,344.55,region_10,335.40277777777777,0.9703801383425259,344.2790605432276
326,6073,2018,San Diego,11379,3293350,345.51,region_10,335.40277777777777,0.9705305966080716,345.2121461911615
327,6073,2019,San Diego,11409,3294273,346.33,region_10,335.40277777777777,0.9705386101825044,346.0080688464887
328,6073,2020,San Diego,11517,3304801,348.49,region_10,335.40277777777777,0.9706297078742634,348.1056244602189
329,6073,2021,San Diego,12286,3285268,373.97,region_10,335.40277777777777,0.9704602412571176,372.83073356017246
330,6073,2022,San Diego,12497,3293911,379.4,region_10,335.40277777777777,0.9705354677833331,378.10364242838943
331,6073,2023,San Diego,12552,3289885,381.53,region_10,335.40277777777777,0.9705004742048772,380.16926881819813
332,6073,2024,San Diego,12190,3297545,369.67,region_10,335.40277777777777,0.9705669829244351,368.66141226320116
333,6075,2016,San Francisco,6269,863546,725.96,region_3,427.2996825396826,0.8962166829606475,694.9640415859423
334,6075,2017,San Francisco,6410,868879,737.73,region_3,427.2996825396826,0.8967879373998198,705.6898466412919
335,6075,2018,San Francisco,6290,872338,721.05,region_3,427.2996825396826,0.8971551045006984,690.8392792979068
336,6075,2019,San Francisco,6092,872205,698.46,region_3,427.2996825396826,0.8971410350697641,670.5687304158776
337,6075,2020,San Francisco,4922,870734,565.27,region_3,427.2996825396826,0.8969851679244778,551.0570109154189
338,6075,2021,San Francisco,4966,841721,589.98,region_3,427.2996825396826,0.8938114367206423,572.7052108150591
339,6075,2022,San Francisco,5456,843094,647.14,region_3,427.2996825396826,0.8939660309576776,623.8294585841584
340,6075,2023,San Francisco,5711,838251,681.3,region_3,427.2996825396826,0.8934187120504001,654.2283190254722
341,6075,2024,San Francisco,4978,837165,594.63,region_3,427.2996825396826,0.8932952041529506,576.7750526363749
342,6077,2016,San Joaquin,6005,739814,811.69,region_4,550.1507777777778,0.8809260145698928,780.5474824637096
343,6077,2017,San Joaquin,5991,750306,798.47,region_4,550.1507777777778,0.8823952788760752,769.2664871208457
344,6077,2018,San Joaquin,5950,759753,783.15,region_4,550.1507777777778,0.883687524207534,756.0492836056144
345,6077,2019,San Joaquin,5952,771083,771.9,region_4,550.1507777777778,0.885200377001962,746.4432728887807
346,6077,2020,San Joaquin,5517,779968,707.34,region_4,550.1507777777778,0.886359503981963,689.4769388179773
347,6077,2021,San Joaquin,5371,781946,686.88,region_4,550.1507777777778,0.8866143732155937,671.376871438589
348,6077,2022,San Joaquin,5309,784017,677.15,region_4,550.1507777777778,0.8868800034388479,662.7838484189532
349,6077,2023,San Joaquin,5401,792088,681.87,region_4,550.1507777777778,0.8879034355355077,667.1047277149539
350,6077,2024,San Joaquin,5447,795790,684.48,region_4,550.1507777777778,0.8883666930865493,669.4843847082216
351,6079,2016,San Luis Obispo,1115,281682,395.84,region_5,343.7775925925926,0.7380017920677423,382.19974255862013
352,6079,2017,San Luis Obispo,829,282105,293.86,region_5,343.7775925925926,0.7382918307794978,306.9238417693023
353,6079,2018,San Luis Obispo,746,282953,263.65,region_5,343.7775925925926,0.7388713497478803,284.57361010165545
354,6079,2019,San Luis Obispo,630,282618,222.92,region_5,343.7775925925926,0.7386427193702335,254.50701174346023
355,6079,2020,San Luis Obispo,816,282671,288.67,region_5,343.7775925925926,0.738678917399019,303.07077575583014
356,6079,2021,San Luis Obispo,903,278527,324.21,region_5,343.7775925925926,0.735818052609193,329.379404716861
357,6079,2022,San Luis Obispo,1252,280629,446.14,region_5,343.7775925925926,0.737276980997244,419.24703929353586
358,6079,2023,San Luis Obispo,1375,278976,492.87,region_5,343.7775925925926,0.7361310478763827,453.52914268781996
359,6079,2024,San Luis Obispo,1129,278076,406.0,region_5,343.7775925925926,0.7355029147578793,389.542354603993
360,6081,2016,San Mateo,1634,764070,213.85,region_3,427.2996825396826,0.8842686356429456,238.55282298189758
361,6081,2017,San Mateo,1928,765602,251.83,region_3,427.2996825396826,0.8844734647101092,272.1014044722266
362,6081,2018,San Mateo,1797,766711,234.38,region_3,427.2996825396826,0.8846212866803352,256.63882474546676
363,6081,2019,San Mateo,1837,766312,239.72,region_3,427.2996825396826,0.8845681463491213,261.37267046279896
364,6081,2020,San Mateo,1754,762754,229.96,region_3,427.2996825396826,0.8840921050496433,252.83322719334626
365,6081,2021,San Mateo,1687,749908,224.96,region_3,427.2996825396826,0.8823402062340865,248.76724531827946
366,6081,2022,San Mateo,2295,746262,307.53,region_3,427.2996825396826,0.8818332856727585,321.68278986173107
367,6081,2023,San Mateo,2298,740929,310.15,region_3,427.2996825396826,0.8810838965001802,324.08098377385994
368,6081,2024,San Mateo,1927,740468,260.24,region_3,427.2996825396826,0.8810186705502172,280.1169831260301
369,6083,2016,Santa Barbara,1527,444277,343.7,region_5,343.7775925925926,0.8162700242707298,343.7142560851538
370,6083,2017,Santa Barbara,1532,445801,343.65,region_5,343.7775925925926,0.8167830399724442,343.6733771269368
371,6083,2018,Santa Barbara,1493,447666,333.51,region_5,343.7775925925926,0.8174069597163235,335.3847909478756
372,6083,2019,Santa Barbara,1529,448815,340.67,region_5,343.7775925925926,0.8177892368102184,341.2362368179792
373,6083,2020,Santa Barbara,1824,447860,407.27,region_5,343.7775925925926,0.8174716168364181,395.68083353276245
374,6083,2021,Santa Barbara,1726,439100,393.08,region_5,343.7775925925926,0.8145056575774439,383.934682358114
375,6083,2022,Santa Barbara,1714,443956,386.07,region_5,343.7775925925926,0.816161601305988,378.29503154530744
376,6083,2023,Santa Barbara,1830,442152,413.88,region_5,343.7775925925926,0.8155498826897254,400.94960272997105
377,6083,2024,Santa Barbara,1924,442648,434.66,region_5,343.7775925925926,0.8157184768026419,417.9120515311201
378,6085,2016,Santa Clara,5423,1925914,281.58,region_3,427.2996825396826,0.9506395631798783,288.7727871834482
379,6085,2017,Santa Clara,5995,1932947,310.15,region_3,427.2996825396826,0.9508103260931052,315.9125546824232
380,6085,2018,Santa Clara,6155,1937985,317.6,region_3,427.2996825396826,0.950931925406713,322.9827522057171
381,6085,2019,Santa Clara,6361,1936521,328.48,region_3,427.2996825396826,0.9508966516917822,333.3323772914536
382,6085,2020,Santa Clara,6141,1926546,318.76,region_3,427.2996825396826,0.9506549567589386,324.1158953282917
383,6085,2021,Santa Clara,6800,1899926,357.91,region_3,427.2996825396826,0.9499981499315475,361.37961250264675
384,6085,2022,Santa Clara,7427,1903274,390.22,region_3,427.2996825396826,0.9500817162305306,392.0709541150977
385,6085,2023,Santa Clara,7233,1900834,380.52,region_3,427.2996825396826,0.9500208413091741,382.8580091771572
386,6085,2024,Santa Clara,8139,1904477,427.36,region_3,427.2996825396826,0.9501116750154779,427.35699086293744
387,6087,2016,Santa Cruz,1101,275452,399.71,region_5,343.7775925925926,0.7336543686010462,384.8126476334105
388,6087,2017,Santa Cruz,1056,274739,384.36,region_5,343.7775925925926,0.7331476040657631,373.53048735055404
389,6087,2018,Santa Cruz,989,273527,361.57,region_5,343.7775925925926,0.7322817359923112,356.80664757637135
390,6087,2019,Santa Cruz,1106,272182,406.35,region_5,343.7775925925926,0.731314249480093,389.5376857539034
391,6087,2020,Santa Cruz,970,271222,357.64,region_5,343.7775925925926,0.730619413720092,353.9057365653416
392,6087,2021,Santa Cruz,1052,263170,399.74,region_5,343.7775925925926,0.7246468595974337,384.3305753758825
393,6087,2022,Santa Cruz,1200,265158,452.56,region_5,343.7775925925926,0.7261459423044271,422.76949632558853
394,6087,2023,Santa Cruz,1070,263775,405.65,region_5,343.7775925925926,0.7251048037935537,388.6415724259756
395,6087,2024,Santa Cruz,939,262862,357.22,region_5,343.7775925925926,0.7244131377768959,353.515449121868
396,6089,2016,Shasta,1333,180288,739.37,region_1,409.5002614379085,0.6432241123415915,621.6804312128627
397,6089,2017,Shasta,1225,181096,676.44,region_1,409.5002614379085,0.6442496513646583,581.476094941909
398,6089,2018,Shasta,1163,181472,640.87,region_1,409.5002614379085,0.644724874943156,558.6700871979837
399,6089,2019,Shasta,623,181387,343.46,region_1,409.5002614379085,0.6446175551820091,366.92954956622316
400,6089,2020,Shasta,977,182029,536.73,region_1,409.5002614379085,0.6454265341507434,491.61771063894435
401,6089,2021,Shasta,27,181374,14.89,region_1,409.5002614379085,0.6446011358547699,155.134038695085
402,6089,2022,Shasta,70,179786,38.94,region_1,409.5002614379085,0.6425839748950984,171.38417570497037
403,6089,2023,Shasta,805,179348,448.85,region_1,409.5002614379085,0.6420235691682059,434.76372103537824
404,6089,2024,Shasta,965,179723,536.94,region_1,409.5002614379085,0.6425034766536896,491.38073652788955
405,6091,2016,Sierra,14,3220,434.78,region_1,409.5002614379085,0.031195504747142028,410.2888756422287
406,6091,2017,Sierra,5,3233,154.66,region_1,409.5002614379085,0.03131750506136603,401.51930026048694
407,6091,2018,Sierra,5,3232,154.7,region_1,409.5002614379085,0.03130812151270924,401.5229438913404
408,6091,2019,Sierra,1,3233,30.93,region_1,409.5002614379085,0.03131750506136603,397.6443853592441
409,6091,2020,Sierra,4,3232,123.76,region_1,409.5002614379085,0.03130812151270924,400.55427061173714
410,6091,2021,Sierra,6,3212,186.8,region_1,409.5002614379085,0.0311204123551525,402.5697374703605
411,6091,2022,Sierra,10,3186,313.87,region_1,409.5002614379085,0.030876281666117496,406.54755454994717
412,6091,2023,Sierra,5,3162,158.13,region_1,409.5002614379085,0.03065082103875458,401.79555654011017
413,6091,2024,Sierra,15,3132,478.93,region_1,409.5002614379085,0.030368847690338596,411.6087625934807
414,6093,2016,Siskiyou,161,44554,361.36,region_1,409.5002614379085,0.30821699849191303,394.66261455090034
415,6093,2017,Siskiyou,176,44390,396.49,region_1,409.5002614379085,0.3074312625528084,405.5005003379101
416,6093,2018,Siskiyou,180,44306,406.27,region_1,409.5002614379085,0.307028120798858,408.50848033893845
417,6093,2019,Siskiyou,181,44193,409.57,region_1,409.5002614379085,0.30648505822057936,409.5216352651713
418,6093,2020,Siskiyou,225,43996,511.41,region_1,409.5002614379085,0.30553626489624713,440.63738231472297
419,6093,2021,Siskiyou,259,43543,594.81,region_1,409.5002614379085,0.3033446423719722,465.7129778100698
420,6093,2022,Siskiyou,319,43307,736.6,region_1,409.5002614379085,0.3021973804489662,508.3489455769143
421,6093,2023,Siskiyou,207,43099,480.29,region_1,409.5002614379085,0.30118309701675067,430.8209341350454
422,6093,2024,Siskiyou,201,42882,468.73,region_1,409.5002614379085,0.30012177881048696,427.27639593364347
423,6095,2016,Solano,2022,441224,458.27,region_3,427.2996825396826,0.8152336186126262,452.5477265124389
424,6095,2017,Solano,2112,445721,473.84,region_3,427.2996825396826,0.8167561812721152,465.31177450376333
425,6095,2018,Solano,2110,449091,469.84,region_3,427.2996825396826,0.817880824854168,462.09259247368516
426,6095,2019,Solano,2114,451701,468.01,region_3,427.2996825396826,0.8187423985093375,460.63094550121946
427,6095,2020,Solano,2350,452943,518.83,region_3,427.2996825396826,0.819149532591967,502.27669930529595
428,6095,2021,Solano,2294,449539,510.3,region_3,427.2996825396826,0.8180292936443091,495.19637360399946
429,6095,2022,Solano,2503,447012,559.94,region_3,427.2996825396826,0.8171886539966217,535.691845030764
430,6095,2023,Solano,2269,446763,507.88,region_3,427.2996825396826,0.8171054003288445,493.14229509672066
431,6095,2024,Solano,2152,447028,481.4,region_3,427.2996825396826,0.8171940010383381,471.5101374225236
432,6097,2016,Sonoma,1868,501989,372.12,region_2,478.5266666666667,0.8338840078473194,389.7958490049929
433,6097,2017,Sonoma,2025,501111,404.1,region_2,478.5266666666667,0.8336413740557068,416.48151800028063
434,6097,2018,Sonoma,1985,496869,399.5,region_2,478.5266666666667,0.8324590488030037,412.7402029032613
435,6097,2019,Sonoma,2016,492668,409.2,region_2,478.5266666666667,0.8312714707053528,420.8973865075669
436,6097,2020,Sonoma,2212,488765,452.57,region_2,478.5266666666667,0.8301529472709824,456.97866333200284
437,6097,2021,Sonoma,1946,483300,402.65,region_2,478.5266666666667,0.8285616320932625,415.6581718955369
438,6097,2022,Sonoma,1682,481297,349.47,region_2,478.5266666666667,0.8279708995573691,371.67150227279114
439,6097,2023,Sonoma,1400,479292,292.1,region_2,478.5266666666667,0.8273754859380071,324.2818127415305
440,6097,2024,Sonoma,1350,479237,281.7,region_2,478.5266666666667,0.8273590948092059,315.68033389902
441,6099,2016,Stanislaus,3366,540856,622.35,region_4,550.1507777777778,0.8439587052317525,611.083939883184
442,6099,2017,Stanislaus,3300,546499,603.84,region_4,550.1507777777778,0.8453207197536269,595.5353897496791
443,6099,2018,Stanislaus,3160,549544,575.02,region_4,550.1507777777778,0.8460458413902676,571.1912798174993
444,6099,2019,Stanislaus,2908,551566,527.23,region_4,550.1507777777778,0.8465236062041297,530.7477983163299
445,6099,2020,Stanislaus,2823,553129,510.37,region_4,550.1507777777778,0.8468908898548373,516.460799486438
446,6099,2021,Stanislaus,2740,550885,497.38,region_4,550.1507777777778,0.8463630287992503,505.4875424656856
447,6099,2022,Stanislaus,2973,547905,542.61,region_4,550.1507777777778,0.8456563848095013,543.7738709035704
448,6099,2023,Stanislaus,2597,548838,473.18,region_4,550.1507777777778,0.8458783240192467,485.0428652726532
449,6099,2024,Stanislaus,2599,550680,471.96,region_4,550.1507777777778,0.8463146247003135,483.9767790277521
450,6101,2016,Sutter,360,96517,372.99,region_1,409.5002614379085,0.49113817125235987,391.56867840334854
451,6101,2017,Sutter,342,97771,349.8,region_1,409.5002614379085,0.4943646945204302,379.98655992936705
452,6101,2018,Sutter,328,99334,330.2,region_1,409.5002614379085,0.49832943702529425,369.9826067995969
453,6101,2019,Sutter,318,101046,314.71,region_1,409.5002614379085,0.5026013947056892,361.85854383469876
454,6101,2020,Sutter,311,99474,312.64,region_1,409.5002614379085,0.4986815324302917,361.1978378324536
455,6101,2021,Sutter,414,99020,418.1,region_1,409.5002614379085,0.4975379358858406,413.7789576112494
456,6101,2022,Sutter,476,98641,482.56,region_1,409.5002614379085,0.49657925604482456,445.78021205990126
457,6101,2023,Sutter,427,99824,427.75,region_1,409.5002614379085,0.4995596124589639,418.6170937614644
458,6101,2024,Sutter,399,100071,398.72,region_1,409.5002614379085,0.5001774370098615,404.10821790159923
459,6103,2016,Tehama,360,63999,562.51,region_1,409.5002614379085,0.39024018439136826,469.2108100280541
460,6103,2017,Tehama,274,64141,427.18,region_1,409.5002614379085,0.3907676936292578,416.40893209978526
461,6103,2018,Tehama,267,64568,413.52,region_1,409.5002614379085,0.39234845170385496,411.0773996389994
462,6103,2019,Tehama,256,65312,391.96,region_1,409.5002614379085,0.3950832365466512,402.5703981791452
463,6103,2020,Tehama,347,65847,526.98,region_1,409.5002614379085,0.3970346162426815,456.14378435419906
464,6103,2021,Tehama,335,65424,512.04,region_1,409.5002614379085,0.3954927942741078,450.0539891659665
465,6103,2022,Tehama,326,64993,501.59,region_1,409.5002614379085,0.3939136811864746,445.775669354402
466,6103,2023,Tehama,332,64786,512.46,region_1,409.5002614379085,0.393152330901897,449.9791226426447
467,6103,2024,Tehama,382,64648,590.89,region_1,409.5002614379085,0.3926437005004616,480.7217996197394
468,6105,2016,Trinity,66,14840,444.74,region_2,478.5266666666667,0.12922326715430163,474.1606432137467
469,6105,2017,Trinity,77,15498,496.84,region_2,478.5266666666667,0.13418414171673967,480.9840255819726
470,6105,2018,Trinity,79,15754,501.46,region_2,478.5266666666667,0.1360989685021684,481.64786967764974
471,6105,2019,Trinity,61,16054,379.97,region_2,478.5266666666667,0.13833215572061283,464.89311050602885
472,6105,2020,Trinity,82,16107,509.1,region_2,478.5266666666667,0.13872548597414455,482.76796719118283
473,6105,2021,Trinity,83,16009,518.46,region_2,478.5266666666667,0.13799791395495178,484.03738336393445
474,6105,2022,Trinity,87,15927,546.24,region_2,478.5266666666667,0.13738818394334365,487.82967856208364
475,6105,2023,Trinity,98,15871,617.48,region_2,478.5266666666667,0.13697128703471964,497.5592835710978
476,6105,2024,Trinity,84,15807,531.41,region_2,478.5266666666667,0.13649433972039687,485.74494233221367
477,6107,2016,Tulare,1608,462225,347.88,region_6,566.482,0.822135266130108,386.7615865534261
478,6107,2017,Tulare,1645,465344,353.5,region_6,566.482,0.8231165449708496,391.1729920190185
479,6107,2018,Tulare,1587,467658,339.35,region_6,566.482,0.8238375923531422,379.3621199736461
480,6107,2019,Tulare,1692,470622,359.52,region_6,566.482,0.8247526383490297,395.7895444620081
481,6107,2020,Tulare,1699,472757,359.38,region_6,566.482,0.8254058876626562,395.53878985328856
482,6107,2021,Tulare,1945,474780,409.66,region_6,566.482,0.8260203904102439,436.9438303350848
483,6107,2022,Tulare,2087,474861,439.5,region_6,566.482,0.8260449047682831,461.5891659027139
484,6107,2023,Tulare,2481,478192,518.83,region_6,566.482,0.8270470708691923,527.0715529789413
485,6107,2024,Tulare,2344,480564,487.76,region_6,566.482,0.8277537015729532,501.31957310477395
486,6109,2016,Tuolumne,187,55162,339.0,region_4,550.1507777777778,0.35551230327013056,475.08407843272045
487,6109,2017,Tuolumne,206,55033,374.32,region_4,550.1507777777778,0.35497603735978794,487.7350650363328
488,6109,2018,Tuolumne,197,55311,356.17,region_4,550.1507777777778,0.3561306024685953,481.06828652045107
489,6109,2019,Tuolumne,195,55316,352.52,region_4,550.1507777777778,0.3561513301913518,479.76431338547076
490,6109,2020,Tuolumne,244,55492,439.7,region_4,550.1507777777778,0.35688009672523346,510.73309352106713
491,6109,2021,Tuolumne,322,54690,588.77,region_4,550.1507777777778,0.3535458012799793,563.8044416431429
492,6109,2022,Tuolumne,375,53409,702.13,region_4,550.1507777777778,0.34814776186534035,603.0620038444796
493,6109,2023,Tuolumne,369,53195,693.67,region_4,550.1507777777778,0.34723718137014914,599.9859879746582
494,6109,2024,Tuolumne,275,53004,518.83,region_4,550.1507777777778,0.3464223157564508,539.3005614087069
495,6111,2016,Ventura,2192,850227,257.81,region_5,343.7775925925926,0.8947619884511806,266.8570585020835
496,6111,2017,Ventura,2239,849979,263.42,region_5,343.7775925925926,0.8947345151840198,271.8788809429043
497,6111,2018,Ventura,2048,849523,241.08,region_5,343.7775925925926,0.8946839623684735,251.89570352614868
498,6111,2019,Ventura,1830,845474,216.45,region_5,343.7775925925926,0.8942329455913118,229.917064413468
499,6111,2020,Ventura,1686,844214,199.71,region_5,343.7775925925926,0.8940918054593556,214.9679386232986
500,6111,2021,Ventura,1758,837619,209.88,region_5,343.7775925925926,0.8933468711704861,224.16059719273954
501,6111,2022,Ventura,1645,830434,198.09,region_5,343.7775925925926,0.8925232740849969,213.74802545829073
502,6111,2023,Ventura,2411,826745,291.63,region_5,343.7775925925926,0.8920954523628398,297.2569623890706
503,6111,2024,Ventura,2481,824051,301.07,region_5,343.7775925925926,0.8917808649089715,305.69177873219036
504,6113,2016,Yolo,639,213224,299.68,region_1,409.5002614379085,0.680739662350267,334.7412537474486
505,6113,2017,Yolo,568,215072,264.1,region_1,409.5002614379085,0.6826122283160675,310.24826498003904
506,6113,2018,Yolo,674,216474,311.35,region_1,409.5002614379085,0.684018276382894,342.3636887826199
507,6113,2019,Yolo,637,216074,294.81,region_1,409.5002614379085,0.6836183931610952,331.09588920249956
508,6113,2020,Yolo,621,217883,285.02,region_1,409.5002614379085,0.6854188490734012,324.17914391078114
509,6113,2021,Yolo,689,214339,321.45,region_1,409.5002614379085,0.6818721189543773,349.4612430967549
510,6113,2022,Yolo,596,221342,269.27,region_1,409.5002614379085,0.688805073722078,312.90894587010365
511,6113,2023,Yolo,561,221202,253.61,region_1,409.5002614379085,0.6886694354331542,302.14340310393726
512,6113,2024,Yolo,525,222326,236.14,region_1,409.5002614379085,0.6897550926701538,289.9241382444818
513,6115,2016,Yuba,318,76783,414.15,region_1,409.5002614379085,0.4343347493820107,411.5198044709664
514,6115,2017,Yuba,325,78182,415.7,region_1,409.5002614379085,0.43877608288154807,412.22055843907265
515,6115,2018,Yuba,341,79044,431.41,region_1,409.5002614379085,0.44147807242912357,419.1729305857267
516,6115,2019,Yuba,326,80251,406.23,region_1,409.5002614379085,0.44521805704267936,408.04428199450126
517,6115,2020,Yuba,404,81919,493.17,region_1,409.5002614379085,0.45030480598508127,447.1771468279336
518,6115,2021,Yuba,354,82256,430.36,region_1,409.5002614379085,0.45132121850583795,418.91470406346485
519,6115,2022,Yuba,279,82667,337.5,region_1,409.5002614379085,0.452555743511417,376.91612958985945
520,6115,2023,Yuba,334,83405,400.46,region_1,409.5002614379085,0.45475859436765625,405.3891248536891
521,6115,2024,Yuba,458,83959,545.5,region_1,409.5002614379085,0.4564006110057132,471.5706252142643
