fips,county_name_short,county_name_full,preterm_rate_total,extremely_preterm_rate,very_preterm_rate,moderate_late_preterm_rate,pooled_reference_preterm_rate_total,avg_births,region,regional_prior_preterm,weight_preterm,preterm_rate_smoothed,poverty_rate_overall,poverty_rate_black,poverty_rate_white,poverty_rate_hispanic,poverty_rate_asian,poverty_rate_aian,poverty_rate_nhopi,poverty_rate_two_or_more,low_birth_weight_pct,diabetes_prevalence,cvd_rate
06001,Alameda,Alameda County,0.0863310217934772,0.0041286204582008,0.0079532933980066,0.074327832727549,0.086695134284751,16486.2,region_3,0.08373527651847172,0.9705643404646125,0.0863310217934772,9.2,17.2,7.3,11.2,7.1,8.9,16.2,8.5,5.983452277296301,10.48732369773984,12.064486948255592
06003,Alpine,Alpine County,0.0871270388843226,,,,0.086695134284751,2.6,region_4,0.0871270388843226,0.005173099880620772,0.0871270388843226,10.0,,6.2,21.8,0.0,16.7,,8.9,,11.300000000000002,12.83
06005,Amador,Amador County,0.0871270388843226,,,,0.086695134284751,275.6,region_4,0.0871270388843226,0.35533780299123263,0.0871270388843226,8.2,4.4,8.7,3.8,5.3,16.0,0.0,5.7,4.534775755527662,12.235828425219657,18.143532634932892
06007,Butte,Butte County,0.08076962188828385,0.0038653816420141,0.0076276864402412,0.0694222542905736,0.086695134284751,2211.1,region_1,0.08012530520552873,0.8155730146435026,0.08076962188828385,19.2,46.6,15.9,26.0,31.2,23.6,42.6,21.8,5.147458555564639,11.038696381938063,15.907009556146573
06009,Calaveras,Calaveras County,0.0871270388843226,,,,0.086695134284751,270.2857142857143,region_4,0.0871270388843226,0.3508902077151336,0.0871270388843226,13.0,43.6,11.6,20.0,17.0,22.7,0.0,12.3,4.944944232982207,13.112084846912296,19.087098036671858
06011,Colusa,Colusa County,0.08012530520552873,,,,0.086695134284751,273.6,region_1,0.08012530520552873,0.3536711478800414,0.08012530520552873,11.4,48.7,9.4,10.9,1.9,4.1,0.0,11.9,4.951761735807859,13.246492903930132,21.24919486899563
06013,Contra Costa,Contra Costa County,0.09215432541453253,0.0045965464298576,0.0090035445533294,0.0789373921944007,0.086695134284751,10986.4,region_3,0.08373527651847172,0.9564702604819613,0.09215432541453253,8.4,14.6,6.2,10.7,6.7,12.5,7.8,7.9,5.692074449870986,10.945161509066,13.177015962067344
06015,Del Norte,Del Norte County,0.0789457092444989,,,,0.086695134284751,246.3,region_2,0.0789457092444989,0.33002813881816967,0.0789457092444989,12.9,40.8,12.1,13.5,3.6,14.3,0.0,19.2,3.150392149629247,11.937971741616556,19.53878813590585
06017,El Dorado,El Dorado County,0.07642665328101636,0.002455760202239,0.0065005417118093,0.0657999277717587,0.086695134284751,1107.1,region_1,0.08012530520552873,0.6888805923713521,0.07642665328101636,8.0,27.4,8.1,12.5,3.8,7.8,0.0,6.8,4.814379197810296,10.716022879446909,10.54138880498297
06019,Fresno,Fresno County,0.09731837521190682,0.0069135567553853,0.0091493629538012,0.0812897906111996,0.086695134284751,14608.3,region_6,0.0963152200815082,0.9669056081756385,0.09731837521190682,18.3,25.9,13.7,21.9,15.5,23.4,28.4,19.6,6.109450172363004,12.80047436622489,14.924422346258822
06021,Glenn,Glenn County,0.08012530520552873,,,,0.086695134284751,347.2,region_1,0.08012530520552873,0.40982058545797917,0.08012530520552873,16.0,0.0,14.6,15.2,43.0,11.5,,14.8,4.990066680704709,12.74790131255703,20.608690952481226
06023,Humboldt,Humboldt County,0.07769665237397136,0.0036829182742897,0.0071904594878989,0.066292528937215,0.086695134284751,1176.7,region_2,0.0789457092444989,0.7017951929385102,0.07769665237397136,18.7,19.1,17.2,22.9,20.0,26.1,12.7,20.7,5.0068818427096575,11.360591195249032,18.019431474420436
06025,Imperial,Imperial County,0.08155636868780997,0.0041445697223583,0.0069967467355942,0.0698783368242791,0.086695134284751,2369.8,region_10,0.0841001850240882,0.825771830789602,0.08155636868780997,19.5,24.3,18.5,20.1,13.2,22.1,10.0,19.5,5.039258556767194,15.309580359818426,22.769434512971912
06027,Inyo,Inyo County,0.0963152200815082,,,,0.086695134284751,173.2,region_6,0.0963152200815082,0.2572786690433749,0.0963152200815082,10.9,19.0,10.0,11.8,39.1,18.9,0.0,8.1,5.9357180212391265,12.177213298468434,14.277097497198358
06029,Kern,Kern County,0.0957420698672692,0.0062480199936639,0.0098120313985004,0.0796578549051357,0.086695134284751,11859.8,region_6,0.0963152200815082,0.9595462709752585,0.0957420698672692,19.1,28.5,17.3,21.7,10.5,19.2,20.6,19.6,6.022004594467782,13.405856787694995,18.02378315438625
06031,Kings,Kings County,0.09346108407482161,0.005360698422423,0.0082707918517383,0.0791851738397916,0.086695134284751,2214.5,region_6,0.0963152200815082,0.8158040154724627,0.09346108407482161,16.0,27.1,12.6,19.1,4.2,28.6,79.1,18.6,5.584077876928273,12.447687510600272,16.02442497619017
06033,Lake,Lake County,0.0789457092444989,,,,0.086695134284751,532.3,region_2,0.0789457092444989,0.5156446769349995,0.0789457092444989,17.0,60.3,15.0,17.5,20.1,28.4,0.0,20.3,5.684298333137692,14.04811157412842,17.312935203662402
06035,Lassen,Lassen County,0.08012530520552873,,,,0.086695134284751,246.8,region_1,0.08012530520552873,0.33047670058918055,0.08012530520552873,14.0,40.1,13.1,15.8,9.8,15.4,13.0,21.0,5.705402885755698,11.074370799841876,14.20322578230274
06037,Los Angeles,Los Angeles County,0.0919280024037969,0.0053945425623915,0.0089410046622029,0.0775924551792024,0.086695134284751,96304.6,region_8,0.0919280024037969,0.9948349561900984,0.0919280024037969,13.7,20.1,11.1,15.5,11.5,15.3,11.6,13.3,5.943888969432699,12.227133973489444,15.444758806865856
06039,Madera,Madera County,0.08184696675662034,0.0046545682757177,0.0070603001935045,0.0680926729773547,0.086695134284751,1294.5,region_4,0.0871270388843226,0.7213708553914739,0.08184696675662034,19.2,13.3,11.1,23.6,28.7,19.0,7.4,18.6,5.119870635019263,13.65437243693302,18.485209208400644
06041,Marin,Marin County,0.07205721218323057,0.0021543985637342,0.0055911772249294,0.0610925878430366,0.086695134284751,1813.9,region_3,0.08373527651847172,0.7839146030511258,0.07205721218323057,8.3,29.3,5.9,15.6,6.3,15.6,10.3,10.6,3.9062273516222015,9.86759067950025,9.52762684663661
06043,Mariposa,Mariposa County,0.0871270388843226,,,,0.086695134284751,122.83333333333333,region_4,0.0871270388843226,0.1972170189991972,0.0871270388843226,14.0,30.1,12.8,22.5,19.6,2.8,0.0,13.3,6.39365564566438,13.02360964758225,26.919152324083832
06045,Mendocino,Mendocino County,0.0789457092444989,,,,0.086695134284751,834.3,region_2,0.0789457092444989,0.6252716780334258,0.0789457092444989,15.4,27.3,13.3,19.2,11.3,20.7,10.3,15.6,5.44818728892314,13.117572359381237,15.04984309206152
06047,Merced,Merced County,0.08872995556472821,0.0053162447196758,0.0077301071869881,0.07592172188856,0.086695134284751,3365.8,region_4,0.0871270388843226,0.8706606653215376,0.08872995556472821,19.1,37.1,15.7,19.5,21.6,22.6,22.2,15.8,5.000507372476318,13.174758874021798,24.25926599150244
06049,Modoc,Modoc County,0.08012530520552873,,,,0.086695134284751,66.83333333333333,region_1,0.08012530520552873,0.1179064980887974,0.08012530520552873,17.9,61.1,16.0,9.7,85.1,22.5,,25.0,10.0,14.635058139534884,20.347733720930233
06051,Mono,Mono County,0.0871270388843226,,,,0.086695134284751,104.42857142857143,region_4,0.0871270388843226,0.17277239423304183,0.0871270388843226,8.6,,5.9,14.0,0.0,10.1,,17.8,8.036968360206876,10.016306662610283,9.640606737390655
06053,Monterey,Monterey County,0.08192858915207213,0.004911108928396,0.0075238188783027,0.0696002357332285,0.086695134284751,5198.7,region_5,0.08082049261178673,0.9122606910347975,0.08192858915207213,12.7,13.6,9.7,15.1,11.3,9.4,7.8,10.6,5.210570948001289,11.958915525818473,11.549309686869448
06055,Napa,Napa County,0.08194158230010415,0.0034435885817852,0.00525600362483,0.0747621205256003,0.086695134284751,985.4,region_2,0.0789457092444989,0.6633903325703514,0.08194158230010415,8.5,18.0,7.2,10.7,7.8,30.8,0.0,7.4,4.940347300109064,11.143973769615233,11.07687763681795
06057,Nevada,Nevada County,0.08012530520552873,,,,0.086695134284751,777.8,region_1,0.08012530520552873,0.6087024573485679,0.08012530520552873,11.0,12.5,11.0,12.8,14.7,8.9,0.0,10.4,4.45680809125594,11.406966169338707,10.717028522360245
06059,Orange,Orange County,0.0817129451965655,0.0040711313407036,0.0074848750796707,0.0701569387761912,0.086695134284751,32106.5,region_9,0.0817129451965655,0.9846656341526996,0.0817129451965655,9.5,13.8,7.6,11.3,10.3,10.3,13.9,9.9,5.3057674884842125,11.070336441861423,11.360899044294248
06061,Placer,Placer County,0.07657340380389543,0.0031046629649531,0.006716818914562,0.0664815809899098,0.086695134284751,6569.3,region_1,0.08012530520552873,0.9292716393419433,0.07657340380389543,6.8,10.9,6.1,9.4,4.8,8.7,15.4,7.3,4.21917841640473,9.665264961016902,13.963003512045615
06063,Plumas,Plumas County,0.08012530520552874,,,,0.086695134284751,110.625,region_1,0.08012530520552873,0.1811668372569089,0.08012530520552874,10.6,14.8,9.8,15.2,0.0,0.2,,17.7,6.205234343550521,12.976965453328528,15.619128352983576
06065,Riverside,Riverside County,0.09068922948123624,0.0056641088521477,0.0088007277905229,0.0761529942251404,0.086695134284751,24653.1,region_7,0.09420962379449904,0.9801217344979346,0.09068922948123624,10.6,13.0,9.6,11.6,9.3,12.6,13.5,9.8,5.6556803587226865,12.2228625030259,17.857946542402967
06067,Sacramento,Sacramento County,0.08975011984736209,0.0057250072163956,0.0095677379005099,0.0747498316174348,0.086695134284751,16455.1,region_1,0.08012530520552873,0.9705103479189152,0.08975011984736209,12.5,19.8,9.7,14.2,13.5,11.7,14.1,12.5,5.675127553128997,11.118181801072266,17.511492516339338
06069,San Benito,San Benito County,0.08082049261178673,,,,0.086695134284751,601.5,region_5,0.08082049261178673,0.5460735360871539,0.08082049261178673,6.7,8.6,5.0,7.7,7.2,8.2,3.0,7.5,5.369982166740972,11.164514786743943,20.763155892406004
06071,San Bernardino,San Bernardino County,0.09773140317522748,0.0066797515487815,0.0097126979896128,0.0814089671827925,0.086695134284751,25150.7,region_7,0.09420962379449904,0.9805073545751188,0.09773140317522748,13.3,22.5,11.0,14.0,10.4,14.0,25.4,12.5,6.400929058480209,12.132673190718132,21.862911522535033
06073,San Diego,San Diego County,0.08714057232639903,0.0049224938324387,0.0085103678581952,0.0737478550753106,0.086695134284751,37868.1,region_10,0.0841001850240882,0.9869683408873517,0.08714057232639903,10.3,18.5,8.5,12.6,8.3,15.1,11.1,11.5,5.293818003228637,9.958234436297538,11.320102889404987
06075,San Francisco,San Francisco County,0.0818518874074159,0.0030658957595441,0.0073077515364477,0.0713695734345032,0.086695134284751,8665.9,region_3,0.08373527651847172,0.9454499830894948,0.0818518874074159,11.2,27.6,8.2,14.0,10.8,30.3,10.4,10.2,5.861892039403943,9.66297626575608,7.97860485427745
06077,San Joaquin,San Joaquin County,0.0932530245873341,0.0062679668564342,0.009627416718336,0.0777295530127952,0.086695134284751,8235.8,region_4,0.0871270388843226,0.9427642574234758,0.0932530245873341,12.4,15.7,11.1,14.1,10.3,11.6,19.7,11.5,6.230213921534902,12.32485344911919,17.91998952760073
06079,San Luis Obispo,San Luis Obispo County,0.08047268337156145,0.0033234691554746,0.0066014113362167,0.0704757568859549,0.086695134284751,2413.8,region_5,0.08082049261178673,0.8284027730111881,0.08047268337156145,12.9,11.1,11.6,15.1,18.8,15.9,45.0,13.5,4.833746587014738,10.100929480918472,9.14571948642361
06081,San Mateo,San Mateo County,0.08047536747167744,0.0034732475567742,0.0074105322365183,0.0693243338254939,0.086695134284751,6098.9,region_3,0.08373527651847172,0.92422979587507,0.08047536747167744,6.7,17.1,5.5,9.3,5.5,15.9,12.6,6.6,5.453973071638333,9.959226230568204,9.906092814613247
06083,Santa Barbara,Santa Barbara County,0.08675292532201316,0.0037298222729496,0.0079691831077775,0.0755951410402739,0.086695134284751,5480.6,region_5,0.08082049261178673,0.916396348192489,0.08675292532201316,14.7,21.5,12.2,17.7,18.6,31.5,14.6,16.2,5.220134485638101,10.691364675228662,11.007878133550914
06085,Santa Clara,Santa Clara County,0.08577927226672699,0.0036997248500926,0.0073281957401094,0.074800214858095,0.086695134284751,20915.5,region_3,0.08373527651847172,0.9766524246457006,0.08577927226672699,7.1,13.6,5.9,9.5,6.2,10.2,7.5,7.4,5.786397928031287,10.19503808265516,10.765382459003378
06087,Santa Cruz,Santa Cruz County,0.07671643709583403,0.0036303630363036,0.0055634134842055,0.0666195190947666,0.086695134284751,2272.1,region_5,0.08082049261178673,0.8196313264312254,0.07671643709583403,11.6,15.4,10.4,13.9,13.4,14.5,4.1,12.0,4.7001340751757095,10.271394276137489,10.749301201090114
06089,Shasta,Shasta County,0.08011846049642973,0.003568667102837,0.0067209897103431,0.0698269196455124,0.086695134284751,1816.5,region_1,0.08012530520552873,0.7841571336067343,0.08011846049642973,13.3,34.3,11.7,18.6,13.9,24.1,47.2,17.1,5.406207714738721,11.960669878083731,15.074301296324876
06091,Sierra,Sierra County,0.08012530520552873,,,,0.086695134284751,13.0,region_1,0.08012530520552873,0.025341130604288498,0.08012530520552873,4.4,,5.0,0.5,,,,0.0,3.92,15.0,9.22
06093,Siskiyou,Siskiyou County,0.08012530520552873,,,,0.086695134284751,347.7,region_1,0.08012530520552873,0.41016869175415827,0.08012530520552873,16.4,14.6,15.1,15.4,24.1,18.8,82.4,21.5,4.851932421396487,13.774110799245388,19.37095942269017
06095,Solano,Solano County,0.08992663831716034,0.0058229726387733,0.008790665257762,0.0759684345421434,0.086695134284751,4723.1,region_3,0.08373527651847172,0.9042714096992208,0.08992663831716034,10.0,16.6,9.0,12.1,5.9,4.5,7.7,10.2,5.964324596932359,11.736644037192589,14.20612440752526
06097,Sonoma,Sonoma County,0.0764839021868953,0.0025411393185799,0.0076234179557397,0.0660449510275578,0.086695134284751,4485.9,region_2,0.0789457092444989,0.8997172025110812,0.0764839021868953,8.9,18.5,7.6,11.1,8.5,13.1,12.1,8.4,4.4085130007234925,10.36267194458189,14.30293393806538
06099,Stanislaus,Stanislaus County,0.08616430577793963,0.0052508392103723,0.0087770626097132,0.0720797018878383,0.086695134284751,8489.4,region_4,0.0871270388843226,0.9443789351903353,0.08616430577793963,13.5,13.7,10.9,15.6,14.4,10.3,7.5,17.0,5.175850033394105,11.940133395909674,18.095832126933697
06101,Sutter,Sutter County,0.08012530520552873,,,,0.086695134284751,1030.0,region_1,0.08012530520552873,0.673202614379085,0.08012530520552873,14.4,35.9,10.6,19.6,12.3,16.7,1.3,15.6,5.698906703622404,12.702852605278332,17.0119406819952
06103,Tehama,Tehama County,0.08012530520552873,,,,0.086695134284751,642.5,region_1,0.08012530520552873,0.562363238512035,0.08012530520552873,15.6,2.4,15.8,18.7,2.1,11.1,2.8,15.6,5.07546472908067,13.119506805591788,23.09276198075714
06105,Trinity,Trinity County,0.0789457092444989,,,,0.086695134284751,101.4,region_2,0.0789457092444989,0.1686065846358497,0.0789457092444989,20.7,0.0,23.0,35.8,30.2,1.2,0.0,17.8,6.984734552332913,14.94263556116015,19.453333543505675
06107,Tulare,Tulare County,0.09915184933968885,0.0054953142632844,0.0097639958785143,0.0841142894525947,0.086695134284751,6396.0,region_6,0.0963152200815082,0.9274941995359629,0.09915184933968885,17.9,32.7,14.5,20.5,11.5,16.1,29.7,17.2,5.817660202555196,13.27473655401792,16.109447140442832
06109,Tuolumne,Tuolumne County,0.0871270388843226,,,,0.086695134284751,484.0,region_4,0.0871270388843226,0.491869918699187,0.0871270388843226,10.4,25.5,9.7,15.0,24.1,9.6,19.4,10.8,5.299917318565564,12.21059855407538,24.218105251568865
06111,Ventura,Ventura County,0.07868798096710779,0.0041780084826232,0.0072292207381148,0.0671519908843451,0.086695134284751,8280.9,region_5,0.08082049261178673,0.943058228655377,0.07868798096710779,9.3,11.1,8.4,12.0,5.5,22.5,9.9,9.9,5.045795490643323,11.212517286265332,11.460269737392071
06113,Yolo,Yolo County,0.07894261997974636,0.0044613710554951,0.0074537540805223,0.0667029379760609,0.086695134284751,1822.0,region_1,0.08012530520552873,0.7846683893195521,0.07894261997974636,16.7,27.7,14.0,14.3,28.6,18.0,15.5,12.2,4.757924820006891,9.746463158085634,14.986686267931304
06115,Yuba,Yuba County,0.08012530520552873,,,,0.086695134284751,1486.4,region_1,0.08012530520552873,0.7482883608538059,0.08012530520552873,14.2,16.6,13.1,15.6,14.7,16.2,0.0,17.0,5.703857550262108,11.317434058717028,19.133778740222706
